ID Race,Race,ID Year,Year,ID Workforce Status,Workforce Status,ID Industry Sector,Industry Sector,Total Population,Total Population MOE Appx,Average Wage,share,Sex,ID Sex
1,White,2022,2022,True,True,31-33,Manufacturing,7834868,66928.07300193296,85389.43554288342,0.500699841268766,Male,1
2,Black,2022,2022,True,True,31-33,Manufacturing,1058256,25168.320082307848,53570.93417188279,0.0676295517961144,Male,1
3,American Indian,2022,2022,True,True,31-33,Manufacturing,54141,5711.636985028291,56268.240575534255,0.0034599676862625,Male,1
4,Alaska Native,2022,2022,True,True,31-33,Manufacturing,401,491.63905195627245,34078.523690773065,2.56265499749e-05,Male,1
6,Asian,2022,2022,True,True,31-33,Manufacturing,729206,20914.932060501786,102510.52028919126,0.0466010822967574,Male,1
7,Native Hawaiian and Other Pacific Islander,2022,2022,True,True,31-33,Manufacturing,18988,3382.885229492071,56897.31340846851,0.0012134586806071,Male,1
8,Other,2022,2022,True,True,31-33,Manufacturing,650633,19761.142772195515,53212.0625975012,0.0415797483536699,Male,1
9,Two or More Races,2022,2022,True,True,31-33,Manufacturing,748459,21187.89108920743,68990.43268769565,0.0478314762285949,Male,1
1,White,2022,2022,True,True,31-33,Manufacturing,2912439,41495.92658154384,65530.863190954384,0.1861240987091248,Female,2
2,Black,2022,2022,True,True,31-33,Manufacturing,524711,17753.522829337962,48553.26852495945,0.0335325004086827,Female,2
3,American Indian,2022,2022,True,True,31-33,Manufacturing,24342,3830.1707698264,44486.64645468737,0.0015556146620676,Female,2
4,Alaska Native,2022,2022,True,True,31-33,Manufacturing,235,376.3642415691001,40933.617021276594,1.50180529778e-05,Female,2
6,Asian,2022,2022,True,True,31-33,Manufacturing,403051,15566.058431293028,78791.3921885816,0.0257576224287655,Female,2
7,Native Hawaiian and Other Pacific Islander,2022,2022,True,True,31-33,Manufacturing,8077,2206.4204301420027,49975.190293425774,0.0005161736761778,Female,2
8,Other,2022,2022,True,True,31-33,Manufacturing,328239,14050.791648833672,38890.11955008393,0.0209766412399313,Female,2
9,Two or More Races,2022,2022,True,True,31-33,Manufacturing,351788,14544.959736033314,53583.10468236551,0.0224815779615248,Female,2
1,White,2021,2021,True,True,31-33,Manufacturing,8047355,67762.98059110664,78679.10286597273,0.5160846556978343,Male,1
2,Black,2021,2021,True,True,31-33,Manufacturing,1053683,25113.492764160488,49534.73121897193,0.0675737094075831,Male,1
3,American Indian,2021,2021,True,True,31-33,Manufacturing,50774,5531.237686412225,52515.21832040021,0.0032561857042968,Male,1
4,Alaska Native,2021,2021,True,True,31-33,Manufacturing,430,509.1061780004912,43614.02790697674,2.757631569e-05,Male,1
6,Asian,2021,2021,True,True,31-33,Manufacturing,714055,20697.119687761853,93532.7649872909,0.0457930374420312,Male,1
7,Native Hawaiian and Other Pacific Islander,2021,2021,True,True,31-33,Manufacturing,18324,3323.2155555243503,50219.8673870334,0.0011751358341973,Male,1
8,Other,2021,2021,True,True,31-33,Manufacturing,603790,19039.10438832815,48653.463093128405,0.0387216363965297,Male,1
9,Two or More Races,2021,2021,True,True,31-33,Manufacturing,566288,18440.659531496487,63953.71647112424,0.0363165968825552,Male,1
1,White,2021,2021,True,True,31-33,Manufacturing,3020924,42242.57370871794,59636.16171409807,0.193734776510956,Female,2
2,Black,2021,2021,True,True,31-33,Manufacturing,525254,17762.40457976245,44381.34259424964,0.0336850467941218,Female,2
3,American Indian,2021,2021,True,True,31-33,Manufacturing,21491,3598.919408728464,43082.177004327394,0.001378238605803,Female,2
4,Alaska Native,2021,2021,True,True,31-33,Manufacturing,278,409.3518488929533,35228.29856115108,1.78284087484e-05,Female,2
6,Asian,2021,2021,True,True,31-33,Manufacturing,394820,15406.537494854649,71946.91329213312,0.0253201882808225,Female,2
7,Native Hawaiian and Other Pacific Islander,2021,2021,True,True,31-33,Manufacturing,6977,2050.685558621476,46564.599254694,0.000447441754813,Female,2
8,Other,2021,2021,True,True,31-33,Manufacturing,307748,13605.946814993493,35066.008799407304,0.0197361767464834,Female,2
9,Two or More Races,2021,2021,True,True,31-33,Manufacturing,260900,12529.558766008411,50295.555856650055,0.0167317692175335,Female,2
1,White,2020,2020,True,True,31-33,Manufacturing,8208839,68379.13183568256,74175.51250804163,0.5316100471541985,Male,1
2,Black,2020,2020,True,True,31-33,Manufacturing,1043656,24993.59497258127,47041.65880424201,0.0675878787941586,Male,1
3,American Indian,2020,2020,True,True,31-33,Manufacturing,48489,5405.374264946013,49928.81503021304,0.0031401809167483,Male,1
4,Alaska Native,2020,2020,True,True,31-33,Manufacturing,447,519.0723189265253,38634.45413870246,2.89480267645e-05,Male,1
6,Asian,2020,2020,True,True,31-33,Manufacturing,693328,20395.408718610965,86821.19327792907,0.0449003970931,Male,1
7,Native Hawaiian and Other Pacific Islander,2020,2020,True,True,31-33,Manufacturing,18099,3302.7499764266154,47994.52411735455,0.0011721036608762,Male,1
8,Other,2020,2020,True,True,31-33,Manufacturing,557953,18304.57980312772,44376.65270551462,0.0361334191887338,Male,1
9,Two or More Races,2020,2020,True,True,31-33,Manufacturing,375871,15033.021423073977,60976.26500581316,0.0243416639105597,Male,1
1,White,2020,2020,True,True,31-33,Manufacturing,3097425,42758.09810859338,55664.4648006005,0.2005913686827812,Female,2
2,Black,2020,2020,True,True,31-33,Manufacturing,527029,17791.94371302713,41761.081659643016,0.0341307597263912,Female,2
3,American Indian,2020,2020,True,True,31-33,Manufacturing,20508,3515.6574680223257,41560.51170275015,0.0013281121541107,Female,2
4,Alaska Native,2020,2020,True,True,31-33,Manufacturing,327,443.9644122748357,36575.78899082569,2.11767444116e-05,Female,2
6,Asian,2020,2020,True,True,31-33,Manufacturing,386977,15252.928469456829,66622.84039103099,0.0250608960923207,Female,2
7,Native Hawaiian and Other Pacific Islander,2020,2020,True,True,31-33,Manufacturing,6856,2032.8258830467237,42482.808780630105,0.0004439992650957,Female,2
8,Other,2020,2020,True,True,31-33,Manufacturing,281750,13019.555438278388,32113.94484117125,0.0182463233577483,Female,2
9,Two or More Races,2020,2020,True,True,31-33,Manufacturing,173913,10232.634171641015,48655.81664395416,0.0112627252320003,Female,2
1,White,2019,2019,True,True,31-33,Manufacturing,8456693,69332.03932804527,72135.58255786276,0.5457036457708206,Male,1
2,Black,2019,2019,True,True,31-33,Manufacturing,1048998,25056.572507862693,46013.73650760059,0.0676910032096824,Male,1
3,American Indian,2019,2019,True,True,31-33,Manufacturing,49120,5440.415254350361,49736.57603827362,0.0031696743727438,Male,1
4,Alaska Native,2019,2019,True,True,31-33,Manufacturing,533,566.8101037585581,36522.26454033771,3.43940643459e-05,Male,1
6,Asian,2019,2019,True,True,31-33,Manufacturing,676940,20153.803993926187,84542.8346027713,0.0436823975953838,Male,1
7,Native Hawaiian and Other Pacific Islander,2019,2019,True,True,31-33,Manufacturing,17607,3257.5543873081174,47179.00244221048,0.0011361656490411,Male,1
8,Other,2019,2019,True,True,31-33,Manufacturing,544381,18081.23927914735,42481.16729643393,0.0351284711870662,Male,1
9,Two or More Races,2019,2019,True,True,31-33,Manufacturing,213193,11327.890556389044,60106.56110660294,0.0137571740339655,Male,1
1,White,2019,2019,True,True,31-33,Manufacturing,3188404,43365.5704824986,53966.30843080112,0.2057451638590011,Female,2
2,Black,2019,2019,True,True,31-33,Manufacturing,526427,17781.654134153345,40874.45111287985,0.0339699139051394,Female,2
3,American Indian,2019,2019,True,True,31-33,Manufacturing,21119,3567.635925898792,40908.39324778636,0.0013627922043562,Female,2
4,Alaska Native,2019,2019,True,True,31-33,Manufacturing,560,580.9890573069335,29298.54642857143,3.61363527837e-05,Female,2
6,Asian,2019,2019,True,True,31-33,Manufacturing,379617,15107.45775897694,64294.26596016511,0.0244963818476775,Female,2
7,Native Hawaiian and Other Pacific Islander,2019,2019,True,True,31-33,Manufacturing,7241,2089.120239399157,39102.0632509322,0.0004672559473338,Female,2
8,Other,2019,2019,True,True,31-33,Manufacturing,274092,12841.669701091589,30561.147673044088,0.0176869378699943,Female,2
9,Two or More Races,2019,2019,True,True,31-33,Manufacturing,91935,7441.845181571296,47784.77342687768,0.0059324921306638,Female,2
1,White,2018,2018,True,True,31-33,Manufacturing,8461789,69321.24803671878,70026.01284598328,0.549746260631703,Male,1
2,Black,2018,2018,True,True,31-33,Manufacturing,1016694,24669.21555311239,44837.3250751947,0.0660526662513906,Male,1
3,American Indian,2018,2018,True,True,31-33,Manufacturing,48683,5416.155733046455,48497.07575539716,0.003162841475524,Male,1
4,Alaska Native,2018,2018,True,True,31-33,Manufacturing,547,574.2058460563974,35618.70201096892,3.55375446688e-05,Male,1
6,Asian,2018,2018,True,True,31-33,Manufacturing,660468,19907.55690191439,81284.1888100559,0.0429093437885179,Male,1
7,Native Hawaiian and Other Pacific Islander,2018,2018,True,True,31-33,Manufacturing,17171,3216.9703708200104,44991.017995457456,0.0011155670557735,Male,1
8,Other,2018,2018,True,True,31-33,Manufacturing,542232,18045.16647689194,40909.48557259623,0.0352277768205812,Male,1
9,Two or More Races,2018,2018,True,True,31-33,Manufacturing,201882,11023.605367629483,58041.43555146075,0.0131158877382607,Male,1
1,White,2018,2018,True,True,31-33,Manufacturing,3178561,43293.17595062205,52200.42344476007,0.2065050338574698,Female,2
2,Black,2018,2018,True,True,31-33,Manufacturing,508549,17477.72516793457,39720.90209203046,0.033039456679668,Female,2
3,American Indian,2018,2018,True,True,31-33,Manufacturing,20073,3478.172368160689,39592.74861754596,0.0013041044499762,Female,2
4,Alaska Native,2018,2018,True,True,31-33,Manufacturing,577,589.7416610319041,24284.79202772964,3.7486587338e-05,Female,2
6,Asian,2018,2018,True,True,31-33,Manufacturing,373131,14977.895802111538,61295.34624032847,0.0242416080069791,Female,2
7,Native Hawaiian and Other Pacific Islander,2018,2018,True,True,31-33,Manufacturing,6353,1956.83746703884,38580.732567291045,0.0004127422692521,Female,2
8,Other,2018,2018,True,True,31-33,Manufacturing,268816,12717.533552154697,29322.53767260877,0.0174644618056503,Female,2
9,Two or More Races,2018,2018,True,True,31-33,Manufacturing,86646,7224.70891471729,46399.279897514025,0.0056292250372462,Female,2
1,White,2017,2017,True,True,31-33,Manufacturing,8490155,69400.05310272334,67649.47374341222,0.5537370470127214,Male,1
2,Black,2017,2017,True,True,31-33,Manufacturing,981228,24236.92540265112,43884.4552988704,0.0639967462509457,Male,1
3,American Indian,2017,2017,True,True,31-33,Manufacturing,46763,5308.300891347136,46404.70275645275,0.0030499331907904,Male,1
4,Alaska Native,2017,2017,True,True,31-33,Manufacturing,688,643.973419712074,46570.78488372093,4.4872100491e-05,Male,1
6,Asian,2017,2017,True,True,31-33,Manufacturing,648134,19721.01456982289,78452.49239046246,0.0422719970634862,Male,1
7,Native Hawaiian and Other Pacific Islander,2017,2017,True,True,31-33,Manufacturing,15646,3070.809437513028,42593.28026332609,0.001020448959714,Male,1
8,Other,2017,2017,True,True,31-33,Manufacturing,537516,17966.346145286054,38922.62533208314,0.0350573720458684,Male,1
9,Two or More Races,2017,2017,True,True,31-33,Manufacturing,190650,10712.873259577327,56081.25782323629,0.0124343981956719,Male,1
1,White,2017,2017,True,True,31-33,Manufacturing,3185909,43335.277328775126,50098.794605872296,0.2077884139584321,Female,2
2,Black,2017,2017,True,True,31-33,Manufacturing,494285,17231.302005635058,38206.22662836218,0.0322377996965524,Female,2
3,American Indian,2017,2017,True,True,31-33,Manufacturing,18805,3366.5348641019955,37018.64472214836,0.0012264823397304,Female,2
4,Alaska Native,2017,2017,True,True,31-33,Manufacturing,596,599.3727459624431,23199.260067114094,3.88717614719e-05,Female,2
6,Asian,2017,2017,True,True,31-33,Manufacturing,365038,14814.7241032185,58521.84330672423,0.023808171248632,Female,2
7,Native Hawaiian and Other Pacific Islander,2017,2017,True,True,31-33,Manufacturing,5999,1901.538655719669,36358.71361893649,0.0003912612366946,Female,2
8,Other,2017,2017,True,True,31-33,Manufacturing,268814,12717.321398081058,27775.360141212885,0.0175323384032067,Female,2
9,Two or More Races,2017,2017,True,True,31-33,Manufacturing,82241,7038.742993167167,43553.38203572427,0.0053638465355901,Female,2
1,White,2016,2016,True,True,31-33,Manufacturing,8463626,69260.61127330526,65559.20593726613,0.557282354142643,Male,1
2,Black,2016,2016,True,True,31-33,Manufacturing,945927,23798.51480352664,42709.379186766,0.0622839933389173,Male,1
3,American Indian,2016,2016,True,True,31-33,Manufacturing,45708,5248.084832642231,44142.65038942855,0.0030096157182692,Male,1
4,Alaska Native,2016,2016,True,True,31-33,Manufacturing,793,691.3693743822479,45295.210592686,5.22146071713e-05,Male,1
6,Asian,2016,2016,True,True,31-33,Manufacturing,628926,19427.14918711559,75959.56737040606,0.0414112535054734,Male,1
7,Native Hawaiian and Other Pacific Islander,2016,2016,True,True,31-33,Manufacturing,14683,2974.812975922215,42129.02213444119,0.0009667932876377,Male,1
8,Other,2016,2016,True,True,31-33,Manufacturing,525365,17762.297509802505,37043.33023897671,0.0345923418620044,Male,1
9,Two or More Races,2016,2016,True,True,31-33,Manufacturing,179722,10401.594725476622,53891.45237644807,0.0118336867970328,Male,1
1,White,2016,2016,True,True,31-33,Manufacturing,3181547,43297.74706663506,48201.01899359022,0.2094870451477255,Female,2
2,Black,2016,2016,True,True,31-33,Manufacturing,480688,16992.954188079737,37039.74968378657,0.0316506117174977,Female,2
3,American Indian,2016,2016,True,True,31-33,Manufacturing,18420,3331.895378862669,33589.81916395223,0.0012128538008777,Female,2
4,Alaska Native,2016,2016,True,True,31-33,Manufacturing,480,537.8914513221774,21984.816666666666,3.1605310772e-05,Female,2
6,Asian,2016,2016,True,True,31-33,Manufacturing,353186,14572.52654334255,55331.19254160697,0.023255319354875,Female,2
7,Native Hawaiian and Other Pacific Islander,2016,2016,True,True,31-33,Manufacturing,6079,1914.1744675261489,35708.69485112683,0.0004002680920486,Female,2
8,Other,2016,2016,True,True,31-33,Manufacturing,262866,12575.896835016973,26645.051672715377,0.0173082533779328,Female,2
9,Two or More Races,2016,2016,True,True,31-33,Manufacturing,79305,6911.99697374156,41756.15962423554,0.0052217899391209,Female,2
1,White,2015,2015,True,True,31-33,Manufacturing,8417311,69047.93774228147,64212.0744418259,0.5593887848320792,Male,1
2,Black,2015,2015,True,True,31-33,Manufacturing,918364,23450.29465965907,42303.84621130619,0.0610316670007235,Male,1
3,American Indian,2015,2015,True,True,31-33,Manufacturing,42183,5041.709694977641,43154.81992745893,0.002803353364343,Male,1
4,Alaska Native,2015,2015,True,True,31-33,Manufacturing,759,676.3857750182224,46606.2490118577,5.04408222159e-05,Male,1
6,Asian,2015,2015,True,True,31-33,Manufacturing,616113,19228.43896518612,74551.70644183778,0.0409449885348476,Male,1
7,Native Hawaiian and Other Pacific Islander,2015,2015,True,True,31-33,Manufacturing,13585,2861.432055251378,41272.82134707398,0.000902817615025,Male,1
8,Other,2015,2015,True,True,31-33,Manufacturing,513293,17557.277407054673,35834.91047997927,0.0341118853197669,Male,1
9,Two or More Races,2015,2015,True,True,31-33,Manufacturing,171223,10152.878503807198,52830.90574280325,0.0113789577105209,Male,1
1,White,2015,2015,True,True,31-33,Manufacturing,3176761,43257.97812697992,46942.642515757405,0.2111178350772522,Female,2
2,Black,2015,2015,True,True,31-33,Manufacturing,467297,16754.938111855885,36340.24071842961,0.0310551316193112,Female,2
3,American Indian,2015,2015,True,True,31-33,Manufacturing,17478,3245.588270847747,32646.046458404853,0.0011615345068389,Female,2
4,Alaska Native,2015,2015,True,True,31-33,Manufacturing,372,473.527984166417,18177.774193548383,2.47219840109e-05,Female,2
6,Asian,2015,2015,True,True,31-33,Manufacturing,350551,14517.911699771452,53336.13199505921,0.0232965489705287,Female,2
7,Native Hawaiian and Other Pacific Islander,2015,2015,True,True,31-33,Manufacturing,5508,1822.0620081060224,38605.64306463326,0.0003660448600336,Female,2
8,Other,2015,2015,True,True,31-33,Manufacturing,259814,12502.62871474127,25810.08192399178,0.0172664450371813,Female,2
9,Two or More Races,2015,2015,True,True,31-33,Manufacturing,76724,6798.622800045953,41094.00178562119,0.0050988427453205,Female,2
1,White,2014,2014,True,True,31-33,Manufacturing,8321687,68643.57998209086,64022.75903491684,0.5609654982456866,Male,1
2,Black,2014,2014,True,True,31-33,Manufacturing,877993,22931.20489889501,42606.27630744209,0.0591855690680537,Male,1
3,American Indian,2014,2014,True,True,31-33,Manufacturing,41130,4978.391398928396,43711.23197179674,0.0027725761546721,Male,1
4,Alaska Native,2014,2014,True,True,31-33,Manufacturing,771,681.7116690016028,46207.19584954604,5.1973163512e-05,Male,1
6,Asian,2014,2014,True,True,31-33,Manufacturing,596330,18917.888558129784,73782.42367816478,0.0401986466889286,Male,1
7,Native Hawaiian and Other Pacific Islander,2014,2014,True,True,31-33,Manufacturing,12722,2769.059754517237,41811.0658701462,0.0008575909029841,Male,1
8,Other,2014,2014,True,True,31-33,Manufacturing,505765,17428.00064236852,35064.26678793511,0.0340936537531668,Male,1
9,Two or More Races,2014,2014,True,True,31-33,Manufacturing,164890,9963.476746700246,52530.42599915095,0.0111152463443687,Male,1
1,White,2014,2014,True,True,31-33,Manufacturing,3157140,43119.0196451389,46430.92165820965,0.2128230265247163,Female,2
2,Black,2014,2014,True,True,31-33,Manufacturing,461523,16650.991238727343,36347.70433759531,0.0311112974625029,Female,2
3,American Indian,2014,2014,True,True,31-33,Manufacturing,16066,3111.739427859939,33720.456803186855,0.0010830101750781,Female,2
4,Alaska Native,2014,2014,True,True,31-33,Manufacturing,176,325.7097911882556,20815.670454545456,1.18641722154e-05,Female,2
6,Asian,2014,2014,True,True,31-33,Manufacturing,342400,14348.261957964229,52513.47549941589,0.0230812077646423,Female,2
7,Native Hawaiian and Other Pacific Islander,2014,2014,True,True,31-33,Manufacturing,5413,1806.280564119908,39897.55015702937,0.0003648907056951,Female,2
8,Other,2014,2014,True,True,31-33,Manufacturing,256483,12422.183084842542,25517.422098150757,0.01728953683148,Female,2
9,Two or More Races,2014,2014,True,True,31-33,Manufacturing,74090,6680.936085609762,41124.12455122149,0.0049944120422965,Female,2
1,White,2022,2022,True,True,61-62,"Educational Services, Health Care & Social Assistance",6280418,60243.97927260707,88607.47119140797,0.174351865786426,Male,1
2,Black,2022,2022,True,True,61-62,"Educational Services, Health Care & Social Assistance",1250339,27339.870921405924,57398.73586203421,0.0347108962358133,Male,1
3,American Indian,2022,2022,True,True,61-62,"Educational Services, Health Care & Social Assistance",52625,5631.131637435799,52642.63870783848,0.0014609325266265,Male,1
4,Alaska Native,2022,2022,True,True,61-62,"Educational Services, Health Care & Social Assistance",2260,1167.147521500328,37903.20530973451,6.27402852289e-05,Male,1
6,Asian,2022,2022,True,True,61-62,"Educational Services, Health Care & Social Assistance",836804,22396.94731531965,109233.1968525485,0.0232306732923739,Male,1
7,Native Hawaiian and Other Pacific Islander,2022,2022,True,True,61-62,"Educational Services, Health Care & Social Assistance",15303,3036.974897423136,65428.39044631772,0.0004248294623271,Male,1
8,Other,2022,2022,True,True,61-62,"Educational Services, Health Care & Social Assistance",385829,15230.73059180184,58196.1267945126,0.0107110714644329,Male,1
9,Two or More Races,2022,2022,True,True,61-62,"Educational Services, Health Care & Social Assistance",689345,20337.93350300472,71452.16968861746,0.0191370362483108,Male,1
1,White,2022,2022,True,True,61-62,"Educational Services, Health Care & Social Assistance",17823927,97390.18029377692,54558.94033206038,0.4948133910977031,Female,2
2,Black,2022,2022,True,True,61-62,"Educational Services, Health Care & Social Assistance",3898286,47849.1698624747,46553.30194141733,0.1082210511257536,Female,2
3,American Indian,2022,2022,True,True,61-62,"Educational Services, Health Care & Social Assistance",149093,9475.245176670176,43681.78440973084,0.0041389988255074,Female,2
4,Alaska Native,2022,2022,True,True,61-62,"Educational Services, Health Care & Social Assistance",6865,2034.1605603749776,46082.488856518576,0.0001905805566801,Female,2
6,Asian,2022,2022,True,True,61-62,"Educational Services, Health Care & Social Assistance",1535737,30271.213738511527,70788.55682581067,0.0426338838127093,Female,2
7,Native Hawaiian and Other Pacific Islander,2022,2022,True,True,61-62,"Educational Services, Health Care & Social Assistance",41406,4995.135619705422,48191.787711925805,0.001149479756722,Female,2
8,Other,2022,2022,True,True,61-62,"Educational Services, Health Care & Social Assistance",1158167,26320.90308555028,41631.438704435546,0.0321520920012438,Female,2
9,Two or More Races,2022,2022,True,True,61-62,"Educational Services, Health Care & Social Assistance",1895109,33586.88030697615,48888.358041146974,0.0526104775221407,Female,2
1,White,2021,2021,True,True,61-62,"Educational Services, Health Care & Social Assistance",6380084,60687.693886115085,81803.69956132238,0.1779937655017137,Male,1
2,Black,2021,2021,True,True,61-62,"Educational Services, Health Care & Social Assistance",1242754,27256.51745652388,52208.12183344411,0.0346707761296429,Male,1
3,American Indian,2021,2021,True,True,61-62,"Educational Services, Health Care & Social Assistance",50076,5493.099335206068,49321.51361929867,0.0013970373746276,Male,1
4,Alaska Native,2021,2021,True,True,61-62,"Educational Services, Health Care & Social Assistance",2414,1206.257190914807,35659.22369511185,6.73465976186e-05,Male,1
6,Asian,2021,2021,True,True,61-62,"Educational Services, Health Care & Social Assistance",809019,22023.48269338932,100933.59123580536,0.0225702887567673,Male,1
7,Native Hawaiian and Other Pacific Islander,2021,2021,True,True,61-62,"Educational Services, Health Care & Social Assistance",15083,3015.0665573067504,58551.93509248823,0.0004207906925774,Male,1
8,Other,2021,2021,True,True,61-62,"Educational Services, Health Care & Social Assistance",342287,14347.509083873909,52469.362952726806,0.0095492397924988,Male,1
9,Two or More Races,2021,2021,True,True,61-62,"Educational Services, Health Care & Social Assistance",535206,17929.29359931986,66022.10296035545,0.0149313600352456,Male,1
1,White,2021,2021,True,True,61-62,"Educational Services, Health Care & Social Assistance",18350704,98565.44044583404,50015.8175402426,0.511954216365703,Female,2
2,Black,2021,2021,True,True,61-62,"Educational Services, Health Care & Social Assistance",3899640,47851.73166186452,42757.66683001508,0.1087934904463801,Female,2
3,American Indian,2021,2021,True,True,61-62,"Educational Services, Health Care & Social Assistance",144733,9335.767457925662,39945.63632343695,0.0040378107345231,Female,2
4,Alaska Native,2021,2021,True,True,61-62,"Educational Services, Health Care & Social Assistance",7481,2123.4586730112896,41437.26627456222,0.0002087074965969,Female,2
6,Asian,2021,2021,True,True,61-62,"Educational Services, Health Care & Social Assistance",1498431,29903.677748198126,65002.13266209789,0.0418037405204223,Female,2
7,Native Hawaiian and Other Pacific Islander,2021,2021,True,True,61-62,"Educational Services, Health Care & Social Assistance",40873,4962.884307794224,43915.306828468674,0.0011402889330848,Female,2
8,Other,2021,2021,True,True,61-62,"Educational Services, Health Care & Social Assistance",1045044,25011.051300249743,38002.32584369653,0.0291549949303132,Female,2
9,Two or More Races,2021,2021,True,True,61-62,"Educational Services, Health Care & Social Assistance",1480595,29726.946981599973,45407.0694470804,0.0413061456922839,Female,2
1,White,2020,2020,True,True,61-62,"Educational Services, Health Care & Social Assistance",6414402,60828.6077987159,77023.59342024401,0.1811944235275394,Male,1
2,Black,2020,2020,True,True,61-62,"Educational Services, Health Care & Social Assistance",1222055,27029.23236337097,48992.579923980506,0.0345206850527839,Male,1
3,American Indian,2020,2020,True,True,61-62,"Educational Services, Health Care & Social Assistance",47363,5342.264630472471,46862.95181893039,0.0013379129467618,Male,1
4,Alaska Native,2020,2020,True,True,61-62,"Educational Services, Health Care & Social Assistance",2469,1219.9210048736047,38279.39246658566,6.97444643615e-05,Male,1
6,Asian,2020,2020,True,True,61-62,"Educational Services, Health Care & Social Assistance",781224,21643.2379870911,95059.40086070064,0.0220680637611859,Male,1
7,Native Hawaiian and Other Pacific Islander,2020,2020,True,True,61-62,"Educational Services, Health Care & Social Assistance",14489,2955.104684906123,51704.032645455176,0.0004092861661134,Male,1
8,Other,2020,2020,True,True,61-62,"Educational Services, Health Care & Social Assistance",304254,13528.49591423703,47976.70921006791,0.008594585767457,Male,1
9,Two or More Races,2020,2020,True,True,61-62,"Educational Services, Health Care & Social Assistance",377968,15074.791786929372,61925.62885217797,0.0106768633883341,Male,1
1,White,2020,2020,True,True,61-62,"Educational Services, Health Care & Social Assistance",18694070,99276.9901928686,47019.17199095756,0.5280712429675392,Female,2
2,Black,2020,2020,True,True,61-62,"Educational Services, Health Care & Social Assistance",3912883,47923.73704661708,39973.661891756026,0.110531360447273,Female,2
3,American Indian,2020,2020,True,True,61-62,"Educational Services, Health Care & Social Assistance",141748,9239.03836660075,37476.41163896492,0.0040041062512423,Female,2
4,Alaska Native,2020,2020,True,True,61-62,"Educational Services, Health Care & Social Assistance",8117,2211.875684564054,39108.62572378958,0.0002292895168985,Female,2
6,Asian,2020,2020,True,True,61-62,"Educational Services, Health Care & Social Assistance",1457008,29489.95802004315,62200.57275663551,0.0411576518956892,Female,2
7,Native Hawaiian and Other Pacific Islander,2020,2020,True,True,61-62,"Educational Services, Health Care & Social Assistance",40439,4936.465230392412,40951.47357748708,0.001142323367483,Female,2
8,Other,2020,2020,True,True,61-62,"Educational Services, Health Care & Social Assistance",933826,23650.699022278717,34966.826752521345,0.0263787744742265,Female,2
9,Two or More Races,2020,2020,True,True,61-62,"Educational Services, Health Care & Social Assistance",1048344,25049.27003023472,43060.12115488809,0.0296136860051108,Female,2
1,White,2019,2019,True,True,61-62,"Educational Services, Health Care & Social Assistance",6502059,61216.876964253206,75282.50964640586,0.1855547057938688,Male,1
2,Black,2019,2019,True,True,61-62,"Educational Services, Health Care & Social Assistance",1207177,26864.983425553204,47943.75158158249,0.0344502215492239,Male,1
3,American Indian,2019,2019,True,True,61-62,"Educational Services, Health Care & Social Assistance",46168,5274.456588638883,46330.60041587247,0.0013175349004202,Male,1
4,Alaska Native,2019,2019,True,True,61-62,"Educational Services, Health Care & Social Assistance",2334,1186.1012652472389,37516.06212510711,6.66073136713e-05,Male,1
6,Asian,2019,2019,True,True,61-62,"Educational Services, Health Care & Social Assistance",769847,21485.60257625916,91558.88581107676,0.0219697688980202,Male,1
7,Native Hawaiian and Other Pacific Islander,2019,2019,True,True,61-62,"Educational Services, Health Care & Social Assistance",14031,2908.027698210534,50030.119663602025,0.0004004144036517,Male,1
8,Other,2019,2019,True,True,61-62,"Educational Services, Health Care & Social Assistance",282107,13027.722417905086,46480.64243708948,0.0080507238380013,Male,1
9,Two or More Races,2019,2019,True,True,61-62,"Educational Services, Health Care & Social Assistance",234997,11892.18836341751,59268.537543032464,0.0067063062942741,Male,1
1,White,2019,2019,True,True,61-62,"Educational Services, Health Care & Social Assistance",18991826,99912.9039225973,45673.49572758302,0.5419856519170849,Female,2
2,Black,2019,2019,True,True,61-62,"Educational Services, Health Care & Social Assistance",3884216,47749.30505563974,38718.70432514566,0.1108471265978727,Female,2
3,American Indian,2019,2019,True,True,61-62,"Educational Services, Health Care & Social Assistance",143896,9308.687643966192,36394.50162617446,0.0041064807232469,Female,2
4,Alaska Native,2019,2019,True,True,61-62,"Educational Services, Health Care & Social Assistance",8197,2222.74801652404,38545.4014883494,0.0002339246573112,Female,2
6,Asian,2019,2019,True,True,61-62,"Educational Services, Health Care & Social Assistance",1416509,29080.49048556803,60025.62625158047,0.0404241042336538,Female,2
7,Native Hawaiian and Other Pacific Islander,2019,2019,True,True,61-62,"Educational Services, Health Care & Social Assistance",40051,4912.729217160641,39867.34915482759,0.0011429689459523,Female,2
8,Other,2019,2019,True,True,61-62,"Educational Services, Health Care & Social Assistance",885400,23032.710655973035,33573.953998192905,0.0252674016815121,Female,2
9,Two or More Races,2019,2019,True,True,61-62,"Educational Services, Health Care & Social Assistance",612382,19172.90978460685,41861.052738323466,0.0174760582522337,Female,2
1,White,2018,2018,True,True,61-62,"Educational Services, Health Care & Social Assistance",6435256,60895.89796315218,73422.70210680041,0.1866278612161086,Male,1
2,Black,2018,2018,True,True,61-62,"Educational Services, Health Care & Social Assistance",1178428,26544.211378721804,46576.89395279135,0.0341754076663269,Male,1
3,American Indian,2018,2018,True,True,61-62,"Educational Services, Health Care & Social Assistance",44942,5203.963356171962,45899.78979573672,0.0013033559719728,Male,1
4,Alaska Native,2018,2018,True,True,61-62,"Educational Services, Health Care & Social Assistance",2582,1247.524388423577,35258.47637490318,7.48801815592e-05,Male,1
6,Asian,2018,2018,True,True,61-62,"Educational Services, Health Care & Social Assistance",739708,21062.21472300491,88483.62737053,0.0214521569871416,Male,1
7,Native Hawaiian and Other Pacific Islander,2018,2018,True,True,61-62,"Educational Services, Health Care & Social Assistance",13617,2864.806293183044,45941.71755893368,0.0003949045051478,Male,1
8,Other,2018,2018,True,True,61-62,"Educational Services, Health Care & Social Assistance",269046,12722.962953143977,45062.32210105335,0.0078025613198214,Male,1
9,Two or More Races,2018,2018,True,True,61-62,"Educational Services, Health Care & Social Assistance",222148,11562.87773990748,57290.25666222518,0.0064424796952034,Male,1
1,White,2018,2018,True,True,61-62,"Educational Services, Health Care & Social Assistance",18802931,99382.59892540766,44291.06784681601,0.5453008857960068,Female,2
2,Black,2018,2018,True,True,61-62,"Educational Services, Health Care & Social Assistance",3790515,47176.16859371903,37502.5420675027,0.1099281376463622,Female,2
3,American Indian,2018,2018,True,True,61-62,"Educational Services, Health Care & Social Assistance",137811,9109.866741440606,35081.09685003374,0.0039966354379768,Female,2
4,Alaska Native,2018,2018,True,True,61-62,"Educational Services, Health Care & Social Assistance",7952,2189.2791413864225,36796.64486921529,0.0002306147187292,Female,2
6,Asian,2018,2018,True,True,61-62,"Educational Services, Health Care & Social Assistance",1364244,28542.109301639288,58375.43890315809,0.0395642286642379,Female,2
7,Native Hawaiian and Other Pacific Islander,2018,2018,True,True,61-62,"Educational Services, Health Care & Social Assistance",38666,4827.051971597761,39908.63787306678,0.0011213466693138,Female,2
8,Other,2018,2018,True,True,61-62,"Educational Services, Health Care & Social Assistance",854758,22632.04186705642,32518.27747619794,0.0247887041941079,Female,2
9,Two or More Races,2018,2018,True,True,61-62,"Educational Services, Health Care & Social Assistance",579150,18646.994202357422,40453.51335578002,0.016795839329983,Female,2
1,White,2017,2017,True,True,61-62,"Educational Services, Health Care & Social Assistance",6373427,60596.59349804819,71028.57041007922,0.1875153727001557,Male,1
2,Black,2017,2017,True,True,61-62,"Educational Services, Health Care & Social Assistance",1148295,26203.89930417156,45231.77147248747,0.0337844875127188,Male,1
3,American Indian,2017,2017,True,True,61-62,"Educational Services, Health Care & Social Assistance",44003,5149.317244931666,42961.11771924642,0.0012946314353212,Male,1
4,Alaska Native,2017,2017,True,True,61-62,"Educational Services, Health Care & Social Assistance",2531,1235.1423731100017,35901.54998024496,7.4465653769e-05,Male,1
6,Asian,2017,2017,True,True,61-62,"Educational Services, Health Care & Social Assistance",712847,20677.45733604979,85426.7923074657,0.0209729821779064,Male,1
7,Native Hawaiian and Other Pacific Islander,2017,2017,True,True,61-62,"Educational Services, Health Care & Social Assistance",13594,2862.38419953434,45971.75327350302,0.0003999549969719,Male,1
8,Other,2017,2017,True,True,61-62,"Educational Services, Health Care & Social Assistance",261761,12549.684658973363,43003.858901822656,0.0077013844315413,Male,1
9,Two or More Races,2017,2017,True,True,61-62,"Educational Services, Health Care & Social Assistance",209812,11237.606928387848,53808.43441271233,0.0061729702681093,Male,1
1,White,2017,2017,True,True,61-62,"Educational Services, Health Care & Social Assistance",18631377,98892.89775569468,42726.04353000855,0.5481618604986157,Female,2
2,Black,2017,2017,True,True,61-62,"Educational Services, Health Care & Social Assistance",3721330,46746.401738949,36251.33673686558,0.1094868713315882,Female,2
3,American Indian,2017,2017,True,True,61-62,"Educational Services, Health Care & Social Assistance",136241,9057.815585216347,34322.51988021227,0.0040084058218666,Female,2
4,Alaska Native,2017,2017,True,True,61-62,"Educational Services, Health Care & Social Assistance",7716,2156.548610951655,34595.445697252464,0.0002270157978987,Female,2
6,Asian,2017,2017,True,True,61-62,"Educational Services, Health Care & Social Assistance",1317557,28052.197354631004,55988.160972921854,0.0387644185629958,Female,2
7,Native Hawaiian and Other Pacific Islander,2017,2017,True,True,61-62,"Educational Services, Health Care & Social Assistance",35382,4617.561375915322,39700.30182013453,0.0010409892381095,Female,2
8,Other,2017,2017,True,True,61-62,"Educational Services, Health Care & Social Assistance",824864,22234.154027071072,31321.76851456725,0.0242686831412584,Female,2
9,Two or More Races,2017,2017,True,True,61-62,"Educational Services, Health Care & Social Assistance",548087,18141.48530581766,38458.93102372433,0.0161255064311727,Female,2
1,White,2016,2016,True,True,61-62,"Educational Services, Health Care & Social Assistance",6308936,60279.2612929914,68951.09791460873,0.1888342201607852,Male,1
2,Black,2016,2016,True,True,61-62,"Educational Services, Health Care & Social Assistance",1117573,25852.00074806748,43828.40575425498,0.0334503355126362,Male,1
3,American Indian,2016,2016,True,True,61-62,"Educational Services, Health Care & Social Assistance",42680,5071.326616369077,41980.13800374883,0.0012774649348895,Male,1
4,Alaska Native,2016,2016,True,True,61-62,"Educational Services, Health Care & Social Assistance",2408,1204.7565929054283,36810.384551495015,7.20744040115e-05,Male,1
6,Asian,2016,2016,True,True,61-62,"Educational Services, Health Care & Social Assistance",679476,20189.17516383032,81720.01972696607,0.0203375530482429,Male,1
7,Native Hawaiian and Other Pacific Islander,2016,2016,True,True,61-62,"Educational Services, Health Care & Social Assistance",13111,2811.0759819275154,44108.65883609183,0.0003924283683537,Male,1
8,Other,2016,2016,True,True,61-62,"Educational Services, Health Care & Social Assistance",246750,12184.986923138207,42092.28784194529,0.0073855312250233,Male,1
9,Two or More Races,2016,2016,True,True,61-62,"Educational Services, Health Care & Social Assistance",199628,10961.74018910826,51539.96644759253,0.0059751117624679,Male,1
1,White,2016,2016,True,True,61-62,"Educational Services, Health Care & Social Assistance",18419080,98285.13758913976,41320.26994665314,0.5513057364790379,Female,2
2,Black,2016,2016,True,True,61-62,"Educational Services, Health Care & Social Assistance",3644416,46262.98404653375,35099.71084091388,0.1090818567982759,Female,2
3,American Indian,2016,2016,True,True,61-62,"Educational Services, Health Care & Social Assistance",135775,9042.251880906808,33195.65448720309,0.0040639128756941,Female,2
4,Alaska Native,2016,2016,True,True,61-62,"Educational Services, Health Care & Social Assistance",7396,2111.358015198029,35094.68158464035,0.0002213713837498,Female,2
6,Asian,2016,2016,True,True,61-62,"Educational Services, Health Care & Social Assistance",1256611,27399.45204762069,53956.41808244556,0.037611913994763,Female,2
7,Native Hawaiian and Other Pacific Islander,2016,2016,True,True,61-62,"Educational Services, Health Care & Social Assistance",34475,4557.997523704654,38164.06990572879,0.0010318791853401,Female,2
8,Other,2016,2016,True,True,61-62,"Educational Services, Health Care & Social Assistance",780782,21634.18004778841,30486.532641633643,0.0233697663259824,Female,2
9,Two or More Races,2016,2016,True,True,61-62,"Educational Services, Health Care & Social Assistance",520822,17685.617028785848,37139.75597805008,0.015588843540746,Female,2
1,White,2015,2015,True,True,61-62,"Educational Services, Health Care & Social Assistance",6235356,59920.91675502696,67721.97700788856,0.1891847307542226,Male,1
2,Black,2015,2015,True,True,61-62,"Educational Services, Health Care & Social Assistance",1093796,25576.08427867122,42975.5864850484,0.0331864775259096,Male,1
3,American Indian,2015,2015,True,True,61-62,"Educational Services, Health Care & Social Assistance",41477,4999.35378226939,40929.127468235405,0.0012584389852789,Male,1
4,Alaska Native,2015,2015,True,True,61-62,"Educational Services, Health Care & Social Assistance",2315,1181.263143235404,34634.16846652268,7.02385961115e-05,Male,1
6,Asian,2015,2015,True,True,61-62,"Educational Services, Health Care & Social Assistance",660757,19909.70998473011,79464.51282392771,0.0200477944064409,Male,1
7,Native Hawaiian and Other Pacific Islander,2015,2015,True,True,61-62,"Educational Services, Health Care & Social Assistance",12209,2712.662758186402,44045.567204521256,0.0003704289502922,Male,1
8,Other,2015,2015,True,True,61-62,"Educational Services, Health Care & Social Assistance",236679,11933.998786543332,41265.76933737256,0.0071809938181843,Male,1
9,Two or More Races,2015,2015,True,True,61-62,"Educational Services, Health Care & Social Assistance",193056,10779.925738493324,49419.29323097961,0.0058574438060131,Male,1
1,White,2015,2015,True,True,61-62,"Educational Services, Health Care & Social Assistance",18279976,97852.36711175516,40529.00114272579,0.5546262856128266,Female,2
2,Black,2015,2015,True,True,61-62,"Educational Services, Health Care & Social Assistance",3559629,45726.26795443717,34536.076473699926,0.1080014443361249,Female,2
3,American Indian,2015,2015,True,True,61-62,"Educational Services, Health Care & Social Assistance",133572,8968.596987199087,32440.78587578235,0.0040526608033772,Female,2
4,Alaska Native,2015,2015,True,True,61-62,"Educational Services, Health Care & Social Assistance",6903,2039.7782312586387,34026.99637838621,0.0002094414811915,Female,2
6,Asian,2015,2015,True,True,61-62,"Educational Services, Health Care & Social Assistance",1220019,26999.21366840798,52622.92412167352,0.0370161649198595,Female,2
7,Native Hawaiian and Other Pacific Islander,2015,2015,True,True,61-62,"Educational Services, Health Care & Social Assistance",33263,4477.171149624806,37115.40065538286,0.0010092209168294,Female,2
8,Other,2015,2015,True,True,61-62,"Educational Services, Health Care & Social Assistance",750212,21207.82513070603,29940.247823281952,0.0227619169183903,Female,2
9,Two or More Races,2015,2015,True,True,61-62,"Educational Services, Health Care & Social Assistance",499868,17326.990452250066,36330.24758136148,0.0151663181689468,Female,2
1,White,2014,2014,True,True,61-62,"Educational Services, Health Care & Social Assistance",6167569,59586.64467029406,67574.32693399944,0.1897198726290241,Male,1
2,Black,2014,2014,True,True,61-62,"Educational Services, Health Care & Social Assistance",1067985,25273.25733093517,42876.782476345645,0.0328521623624653,Male,1
3,American Indian,2014,2014,True,True,61-62,"Educational Services, Health Care & Social Assistance",41969,5028.896134512555,41366.389358812456,0.0012910035273812,Male,1
4,Alaska Native,2014,2014,True,True,61-62,"Educational Services, Health Care & Social Assistance",2512,1230.4971219506394,34014.761544585985,7.7271339817e-05,Male,1
6,Asian,2014,2014,True,True,61-62,"Educational Services, Health Care & Social Assistance",629433,19433.520616238995,79282.45044508312,0.0193619153005835,Male,1
7,Native Hawaiian and Other Pacific Islander,2014,2014,True,True,61-62,"Educational Services, Health Care & Social Assistance",12242,2716.324051083316,45090.044273811465,0.0003765747380733,Male,1
8,Other,2014,2014,True,True,61-62,"Educational Services, Health Care & Social Assistance",229288,11746.335312327385,41106.31821988068,0.0070531014983964,Male,1
9,Two or More Races,2014,2014,True,True,61-62,"Educational Services, Health Care & Social Assistance",182282,10475.098050217934,48947.531566473925,0.0056071553998931,Male,1
1,White,2014,2014,True,True,61-62,"Educational Services, Health Care & Social Assistance",18142939,97419.2333799932,40446.03268186042,0.5580928362854399,Female,2
2,Black,2014,2014,True,True,61-62,"Educational Services, Health Care & Social Assistance",3482670,45232.4780176673,34611.88084659184,0.1071300067836976,Female,2
3,American Indian,2014,2014,True,True,61-62,"Educational Services, Health Care & Social Assistance",133173,8955.133689233064,32182.189024802326,0.004096519163,Female,2
4,Alaska Native,2014,2014,True,True,61-62,"Educational Services, Health Care & Social Assistance",6916,2041.6970902176151,32609.79077501446,0.0002127422715663,Female,2
6,Asian,2014,2014,True,True,61-62,"Educational Services, Health Care & Social Assistance",1171738,26462.35047042137,52909.35913233163,0.0360436963274488,Female,2
7,Native Hawaiian and Other Pacific Islander,2014,2014,True,True,61-62,"Educational Services, Health Care & Social Assistance",32976,4457.810192794006,37509.64116327026,0.0010143709004009,Female,2
8,Other,2014,2014,True,True,61-62,"Educational Services, Health Care & Social Assistance",729757,20917.335766288877,30234.37130167988,0.0224479701954106,Female,2
9,Two or More Races,2014,2014,True,True,61-62,"Educational Services, Health Care & Social Assistance",475370,16898.078474923695,36256.06759366388,0.014622801277401,Female,2
1,White,2022,2022,True,True,54-56,"Professional, Scientific & Management, and Administrative & Waste Management Services",6824832,62683.50102358623,109883.66822509332,0.388138292784158,Male,1
2,Black,2022,2022,True,True,54-56,"Professional, Scientific & Management, and Administrative & Waste Management Services",926332,23557.63807806976,60882.62525098993,0.0526818712946098,Male,1
3,American Indian,2022,2022,True,True,54-56,"Professional, Scientific & Management, and Administrative & Waste Management Services",41796,5018.598453804719,58267.88128050531,0.0023770003547642,Male,1
4,Alaska Native,2022,2022,True,True,54-56,"Professional, Scientific & Management, and Administrative & Waste Management Services",1235,862.7927250109931,40689.25182186235,7.0236277111e-05,Male,1
6,Asian,2022,2022,True,True,54-56,"Professional, Scientific & Management, and Administrative & Waste Management Services",971482,24121.312573867253,129330.64573610216,0.0552496185914231,Male,1
7,Native Hawaiian and Other Pacific Islander,2022,2022,True,True,54-56,"Professional, Scientific & Management, and Administrative & Waste Management Services",15221,3028.8280812450566,71209.66408251757,0.000865640788589,Male,1
8,Other,2022,2022,True,True,54-56,"Professional, Scientific & Management, and Administrative & Waste Management Services",562074,18372.47568540822,53555.49306141184,0.0319659799359695,Male,1
9,Two or More Races,2022,2022,True,True,54-56,"Professional, Scientific & Management, and Administrative & Waste Management Services",786488,21716.76913356527,78734.82275381188,0.0447287361235011,Male,1
1,White,2022,2022,True,True,54-56,"Professional, Scientific & Management, and Administrative & Waste Management Services",4961936,53789.71794586996,73840.84062349857,0.2821926412172862,Female,2
2,Black,2022,2022,True,True,54-56,"Professional, Scientific & Management, and Administrative & Waste Management Services",821950,22198.364297192253,51792.660936796645,0.0467455125274788,Female,2
3,American Indian,2022,2022,True,True,54-56,"Professional, Scientific & Management, and Administrative & Waste Management Services",30655,4298.150869407177,44307.78137334856,0.0017433952022992,Female,2
4,Alaska Native,2022,2022,True,True,54-56,"Professional, Scientific & Management, and Administrative & Waste Management Services",1236,863.14196028783,55052.17799352751,7.02931485905e-05,Female,2
6,Asian,2022,2022,True,True,54-56,"Professional, Scientific & Management, and Administrative & Waste Management Services",625462,19376.733183665496,96289.67601389054,0.0355709492748488,Female,2
7,Native Hawaiian and Other Pacific Islander,2022,2022,True,True,54-56,"Professional, Scientific & Management, and Administrative & Waste Management Services",10169,2475.7076916489577,60744.56691906776,0.0005783260744472,Female,2
8,Other,2022,2022,True,True,54-56,"Professional, Scientific & Management, and Administrative & Waste Management Services",406505,15632.435920602067,40899.70910074907,0.023118540750633,Female,2
9,Two or More Races,2022,2022,True,True,54-56,"Professional, Scientific & Management, and Administrative & Waste Management Services",596133,18918.80544716666,60258.50766188082,0.0339029656542898,Female,2
1,White,2021,2021,True,True,54-56,"Professional, Scientific & Management, and Administrative & Waste Management Services",6866997,62854.66251239933,100011.1905955398,0.4012995050228203,Male,1
2,Black,2021,2021,True,True,54-56,"Professional, Scientific & Management, and Administrative & Waste Management Services",907243,23314.50493300288,55046.21015758733,0.0530182504572841,Male,1
3,American Indian,2021,2021,True,True,54-56,"Professional, Scientific & Management, and Administrative & Waste Management Services",38515,4817.638858390984,52575.0896533818,0.0022507728539788,Male,1
4,Alaska Native,2021,2021,True,True,54-56,"Professional, Scientific & Management, and Administrative & Waste Management Services",1217,856.4821086538595,36007.881676253084,7.11200977097e-05,Male,1
6,Asian,2021,2021,True,True,54-56,"Professional, Scientific & Management, and Administrative & Waste Management Services",928134,23579.76426124364,117397.3446517421,0.0542390967689151,Male,1
7,Native Hawaiian and Other Pacific Islander,2021,2021,True,True,54-56,"Professional, Scientific & Management, and Administrative & Waste Management Services",15395,3046.087927230723,63442.45105553751,0.0008996663140855,Male,1
8,Other,2021,2021,True,True,54-56,"Professional, Scientific & Management, and Administrative & Waste Management Services",509441,17493.90927395424,47995.44766518596,0.0297711534078623,Male,1
9,Two or More Races,2021,2021,True,True,54-56,"Professional, Scientific & Management, and Administrative & Waste Management Services",601282,18999.679917118283,72671.11991378422,0.035138237133223,Male,1
1,White,2021,2021,True,True,54-56,"Professional, Scientific & Management, and Administrative & Waste Management Services",4997679,53968.49832218888,66449.1914114532,0.2920586843074118,Female,2
2,Black,2021,2021,True,True,54-56,"Professional, Scientific & Management, and Administrative & Waste Management Services",803850,21953.39179698074,46434.900942962,0.0469760809728902,Female,2
3,American Indian,2021,2021,True,True,54-56,"Professional, Scientific & Management, and Administrative & Waste Management Services",27707,4086.293993810642,41521.314180532,0.0016191656098972,Female,2
4,Alaska Native,2021,2021,True,True,54-56,"Professional, Scientific & Management, and Administrative & Waste Management Services",1365,907.0664811032916,48751.24249084249,7.97690496087e-05,Female,2
6,Asian,2021,2021,True,True,54-56,"Professional, Scientific & Management, and Administrative & Waste Management Services",590793,18833.88948117877,87264.08270409433,0.0345252718868156,Female,2
7,Native Hawaiian and Other Pacific Islander,2021,2021,True,True,54-56,"Professional, Scientific & Management, and Administrative & Waste Management Services",10455,2510.277430999776,55016.800765184125,0.0006109783250252,Female,2
8,Other,2021,2021,True,True,54-56,"Professional, Scientific & Management, and Administrative & Waste Management Services",362468,14763.421289015365,36585.44679254445,0.0211822182224066,Female,2
9,Two or More Races,2021,2021,True,True,54-56,"Professional, Scientific & Management, and Administrative & Waste Management Services",449359,16433.249114426122,56137.542606245785,0.0262600295700652,Female,2
1,White,2020,2020,True,True,54-56,"Professional, Scientific & Management, and Administrative & Waste Management Services",6859361,62804.92076700941,93178.49274691912,0.4132850752953848,Male,1
2,Black,2020,2020,True,True,54-56,"Professional, Scientific & Management, and Administrative & Waste Management Services",879306,22954.13204473976,51023.5601690424,0.0529792857407101,Male,1
3,American Indian,2020,2020,True,True,54-56,"Professional, Scientific & Management, and Administrative & Waste Management Services",34910,4586.684358443673,50019.74256659983,0.0021033711417961,Male,1
4,Alaska Native,2020,2020,True,True,54-56,"Professional, Scientific & Management, and Administrative & Waste Management Services",1098,813.5314188627808,34540.94353369763,6.61558726351e-05,Male,1
6,Asian,2020,2020,True,True,54-56,"Professional, Scientific & Management, and Administrative & Waste Management Services",890690,23101.356038336668,108420.43827032976,0.0536651859721111,Male,1
7,Native Hawaiian and Other Pacific Islander,2020,2020,True,True,54-56,"Professional, Scientific & Management, and Administrative & Waste Management Services",15540,3060.396109623613,58329.70772200772,0.0009363044269124,Male,1
8,Other,2020,2020,True,True,54-56,"Professional, Scientific & Management, and Administrative & Waste Management Services",463270,16684.621507236094,43103.71632741166,0.0279125966445114,Male,1
9,Two or More Races,2020,2020,True,True,54-56,"Professional, Scientific & Management, and Administrative & Waste Management Services",411695,15731.218798867772,68946.6140055138,0.0248051384194144,Male,1
1,White,2020,2020,True,True,54-56,"Professional, Scientific & Management, and Administrative & Waste Management Services",5023865,54094.59531818332,61670.33253321895,0.3026941466995028,Female,2
2,Black,2020,2020,True,True,54-56,"Professional, Scientific & Management, and Administrative & Waste Management Services",791094,21778.80501836406,43002.72510346432,0.0476644024648545,Female,2
3,American Indian,2020,2020,True,True,54-56,"Professional, Scientific & Management, and Administrative & Waste Management Services",25411,3913.3495302049,39956.96851757113,0.0015310445168771,Female,2
4,Alaska Native,2020,2020,True,True,54-56,"Professional, Scientific & Management, and Administrative & Waste Management Services",1106,816.4897027970202,46687.33453887885,6.66378826361e-05,Female,2
6,Asian,2020,2020,True,True,54-56,"Professional, Scientific & Management, and Administrative & Waste Management Services",557658,18299.75834384391,81278.90389629487,0.0335995916411271,Female,2
7,Native Hawaiian and Other Pacific Islander,2020,2020,True,True,54-56,"Professional, Scientific & Management, and Administrative & Waste Management Services",10009,2456.1536494514,50764.99540413628,0.0006030547624817,Female,2
8,Other,2020,2020,True,True,54-56,"Professional, Scientific & Management, and Administrative & Waste Management Services",321390,13903.448961351476,33304.14675627742,0.0193641492770512,Female,2
9,Two or More Races,2020,2020,True,True,54-56,"Professional, Scientific & Management, and Administrative & Waste Management Services",310763,13672.140845276312,54850.9371031944,0.0187238592419934,Female,2
1,White,2019,2019,True,True,54-56,"Professional, Scientific & Management, and Administrative & Waste Management Services",6923972,63077.829555093565,89852.88028605546,0.4258563767114664,Male,1
2,Black,2019,2019,True,True,54-56,"Professional, Scientific & Management, and Administrative & Waste Management Services",872346,22863.29897494874,48775.75987853444,0.0536533230924014,Male,1
3,American Indian,2019,2019,True,True,54-56,"Professional, Scientific & Management, and Administrative & Waste Management Services",35218,4606.865822884684,49085.147140666704,0.0021660702664632,Male,1
4,Alaska Native,2019,2019,True,True,54-56,"Professional, Scientific & Management, and Administrative & Waste Management Services",1351,902.402845865827,42823.45003700962,8.30927630754e-05,Male,1
6,Asian,2019,2019,True,True,54-56,"Professional, Scientific & Management, and Administrative & Waste Management Services",848250,22547.163148740405,103989.3318986148,0.0521713073862085,Male,1
7,Native Hawaiian and Other Pacific Islander,2019,2019,True,True,54-56,"Professional, Scientific & Management, and Administrative & Waste Management Services",15044,3011.163977808736,55311.71789417708,0.0009252757421964,Male,1
8,Other,2019,2019,True,True,54-56,"Professional, Scientific & Management, and Administrative & Waste Management Services",449314,16432.031773355124,40885.12506176082,0.0276348939663152,Male,1
9,Two or More Races,2019,2019,True,True,54-56,"Professional, Scientific & Management, and Administrative & Waste Management Services",237287,11949.899065137266,69133.77568514078,0.0145942505343369,Male,1
1,White,2019,2019,True,True,54-56,"Professional, Scientific & Management, and Administrative & Waste Management Services",5045461,54201.817936681655,58884.47289256621,0.3103192416576803,Female,2
2,Black,2019,2019,True,True,54-56,"Professional, Scientific & Management, and Administrative & Waste Management Services",775964,21570.346234636025,41256.401795701866,0.0477253832769018,Female,2
3,American Indian,2019,2019,True,True,54-56,"Professional, Scientific & Management, and Administrative & Waste Management Services",24978,3879.8687691861246,38577.47926175034,0.00153626279504,Female,2
4,Alaska Native,2019,2019,True,True,54-56,"Professional, Scientific & Management, and Administrative & Waste Management Services",1240,864.5374021877828,52931.22741935484,7.62657484926e-05,Female,2
6,Asian,2019,2019,True,True,54-56,"Professional, Scientific & Management, and Administrative & Waste Management Services",521959,17706.300767160963,76647.26182133079,0.0321028982399033,Female,2
7,Native Hawaiian and Other Pacific Islander,2019,2019,True,True,54-56,"Professional, Scientific & Management, and Administrative & Waste Management Services",10099,2467.1705174483263,48621.392316070895,0.000621135317764,Female,2
8,Other,2019,2019,True,True,54-56,"Professional, Scientific & Management, and Administrative & Waste Management Services",311283,13683.477700424128,31327.416611250854,0.0191453475710004,Female,2
9,Two or More Races,2019,2019,True,True,54-56,"Professional, Scientific & Management, and Administrative & Waste Management Services",185171,10558.20570345152,53479.98802728289,0.0113888749307534,Female,2
1,White,2018,2018,True,True,54-56,"Professional, Scientific & Management, and Administrative & Waste Management Services",6784872,62449.99195547985,86624.75904409103,0.428987996012897,Male,1
2,Black,2018,2018,True,True,54-56,"Professional, Scientific & Management, and Administrative & Waste Management Services",845454,22509.25052570574,47124.87699271634,0.0534556314667524,Male,1
3,American Indian,2018,2018,True,True,54-56,"Professional, Scientific & Management, and Administrative & Waste Management Services",32853,4449.523448627422,45825.57507685752,0.0020772009601672,Male,1
4,Alaska Native,2018,2018,True,True,54-56,"Professional, Scientific & Management, and Administrative & Waste Management Services",1326,894.0144785033326,50476.016591251886,8.38391767321e-05,Male,1
6,Asian,2018,2018,True,True,54-56,"Professional, Scientific & Management, and Administrative & Waste Management Services",806914,21993.138341508427,99439.7251231234,0.0510188578081872,Male,1
7,Native Hawaiian and Other Pacific Islander,2018,2018,True,True,54-56,"Professional, Scientific & Management, and Administrative & Waste Management Services",14150,2920.330282521187,52525.70106007067,0.0008946639146003,Male,1
8,Other,2018,2018,True,True,54-56,"Professional, Scientific & Management, and Administrative & Waste Management Services",440403,16268.410773501935,38529.59204637571,0.0278454185146113,Male,1
9,Two or More Races,2018,2018,True,True,54-56,"Professional, Scientific & Management, and Administrative & Waste Management Services",221164,11537.27941826834,65325.56850120272,0.013983565371638,Male,1
1,White,2018,2018,True,True,54-56,"Professional, Scientific & Management, and Administrative & Waste Management Services",4930213,53587.380409875324,56382.6701720595,0.3117232270242877,Female,2
2,Black,2018,2018,True,True,54-56,"Professional, Scientific & Management, and Administrative & Waste Management Services",753163,21251.925759417063,39639.10902420857,0.0476203362482094,Female,2
3,American Indian,2018,2018,True,True,54-56,"Professional, Scientific & Management, and Administrative & Waste Management Services",24414,3835.817915355421,35899.20951093635,0.0015436271951274,Female,2
4,Alaska Native,2018,2018,True,True,54-56,"Professional, Scientific & Management, and Administrative & Waste Management Services",1290,881.795135716282,50806.4511627907,8.15629999883e-05,Female,2
6,Asian,2018,2018,True,True,54-56,"Professional, Scientific & Management, and Administrative & Waste Management Services",484999,17069.625940700775,72563.8942595758,0.0306650956831991,Female,2
7,Native Hawaiian and Other Pacific Islander,2018,2018,True,True,54-56,"Professional, Scientific & Management, and Administrative & Waste Management Services",9370,2376.4607395148914,40803.79455709712,0.0005924382247212,Female,2
8,Other,2018,2018,True,True,54-56,"Professional, Scientific & Management, and Administrative & Waste Management Services",295070,13322.901404453974,29480.379228657606,0.0186564297725182,Female,2
9,Two or More Races,2018,2018,True,True,54-56,"Professional, Scientific & Management, and Administrative & Waste Management Services",170340,10126.98259230938,50441.17371140073,0.0107701096263624,Female,2
1,White,2017,2017,True,True,54-56,"Professional, Scientific & Management, and Administrative & Waste Management Services",6635769,61772.29677607523,83467.04541086346,0.4318421526844225,Male,1
2,Black,2017,2017,True,True,54-56,"Professional, Scientific & Management, and Administrative & Waste Management Services",819094,22156.698259981426,44478.109716345134,0.0533049472051987,Male,1
3,American Indian,2017,2017,True,True,54-56,"Professional, Scientific & Management, and Administrative & Waste Management Services",29688,4229.806809746351,43513.5675693883,0.001932033774668,Male,1
4,Alaska Native,2017,2017,True,True,54-56,"Professional, Scientific & Management, and Administrative & Waste Management Services",1368,908.062514238646,55902.77631578947,8.9026616941e-05,Male,1
6,Asian,2017,2017,True,True,54-56,"Professional, Scientific & Management, and Administrative & Waste Management Services",763144,21390.75483935519,95147.0504321596,0.0496638366658334,Male,1
7,Native Hawaiian and Other Pacific Islander,2017,2017,True,True,54-56,"Professional, Scientific & Management, and Administrative & Waste Management Services",13236,2824.445579751422,48886.43253248715,0.0008613715656664,Male,1
8,Other,2017,2017,True,True,54-56,"Professional, Scientific & Management, and Administrative & Waste Management Services",428392,16045.363820415863,36296.243552634034,0.0278788673133114,Male,1
9,Two or More Races,2017,2017,True,True,54-56,"Professional, Scientific & Management, and Administrative & Waste Management Services",207353,11171.655736387724,62555.72151355418,0.0134941053381413,Male,1
1,White,2017,2017,True,True,54-56,"Professional, Scientific & Management, and Administrative & Waste Management Services",4818727,52986.20521714761,53911.81460165724,0.3135928090442192,Female,2
2,Black,2017,2017,True,True,54-56,"Professional, Scientific & Management, and Administrative & Waste Management Services",723289,20827.593955031047,38111.24747784081,0.047070155512189,Female,2
3,American Indian,2017,2017,True,True,54-56,"Professional, Scientific & Management, and Administrative & Waste Management Services",22761,3703.703062577383,34368.71398444708,0.0014812389094994,Female,2
4,Alaska Native,2017,2017,True,True,54-56,"Professional, Scientific & Management, and Administrative & Waste Management Services",1240,864.5372981804857,44484.94193548387,8.06966410869e-05,Female,2
6,Asian,2017,2017,True,True,54-56,"Professional, Scientific & Management, and Administrative & Waste Management Services",454473,16525.079342112433,69414.42081707824,0.0295761649715274,Female,2
7,Native Hawaiian and Other Pacific Islander,2017,2017,True,True,54-56,"Professional, Scientific & Management, and Administrative & Waste Management Services",9353,2374.3030218228,37582.77664920346,0.0006086739387789,Female,2
8,Other,2017,2017,True,True,54-56,"Professional, Scientific & Management, and Administrative & Waste Management Services",280934,13000.30604932074,28104.94514013968,0.0182826049734771,Female,2
9,Two or More Races,2017,2017,True,True,54-56,"Professional, Scientific & Management, and Administrative & Waste Management Services",157370,9734.164812368572,47952.77160195717,0.0102413148450386,Female,2
1,White,2016,2016,True,True,54-56,"Professional, Scientific & Management, and Administrative & Waste Management Services",6488849,61092.106343598905,80215.03020057948,0.434978895424189,Male,1
2,Black,2016,2016,True,True,54-56,"Professional, Scientific & Management, and Administrative & Waste Management Services",787280,21723.517323886976,42847.8730680317,0.0527751816677434,Male,1
3,American Indian,2016,2016,True,True,54-56,"Professional, Scientific & Management, and Administrative & Waste Management Services",27183,4047.452973628385,41956.886693889566,0.0018222078082439,Male,1
4,Alaska Native,2016,2016,True,True,54-56,"Professional, Scientific & Management, and Administrative & Waste Management Services",1165,837.9844059190352,56922.38884120172,7.80955779937e-05,Male,1
6,Asian,2016,2016,True,True,54-56,"Professional, Scientific & Management, and Administrative & Waste Management Services",719604,20773.828002965467,90848.75035436156,0.0482385324520308,Male,1
7,Native Hawaiian and Other Pacific Islander,2016,2016,True,True,54-56,"Professional, Scientific & Management, and Administrative & Waste Management Services",13343,2835.8356867009406,47487.22019036199,0.0008944457486443,Male,1
8,Other,2016,2016,True,True,54-56,"Professional, Scientific & Management, and Administrative & Waste Management Services",413743,15769.046683464248,34535.61630529097,0.0277351920393725,Male,1
9,Two or More Races,2016,2016,True,True,54-56,"Professional, Scientific & Management, and Administrative & Waste Management Services",193980,10805.774916327304,58756.73566347046,0.0130034164971914,Male,1
1,White,2016,2016,True,True,54-56,"Professional, Scientific & Management, and Administrative & Waste Management Services",4705596,52366.34605143392,51669.97777752276,0.3154388321245389,Female,2
2,Black,2016,2016,True,True,54-56,"Professional, Scientific & Management, and Administrative & Waste Management Services",693908,20401.413095944805,36913.50340679168,0.0465160054373292,Female,2
3,American Indian,2016,2016,True,True,54-56,"Professional, Scientific & Management, and Administrative & Waste Management Services",22475,3680.358979951069,34182.38242491658,0.0015066078243859,Female,2
4,Alaska Native,2016,2016,True,True,54-56,"Professional, Scientific & Management, and Administrative & Waste Management Services",1185,845.1467364357499,42113.65316455696,7.94362746116e-05,Female,2
6,Asian,2016,2016,True,True,54-56,"Professional, Scientific & Management, and Administrative & Waste Management Services",428680,16050.32288014615,65768.45280628907,0.0287364913084649,Female,2
7,Native Hawaiian and Other Pacific Islander,2016,2016,True,True,54-56,"Professional, Scientific & Management, and Administrative & Waste Management Services",8444,2255.983594046215,33947.7235907153,0.0005660421120851,Female,2
8,Other,2016,2016,True,True,54-56,"Professional, Scientific & Management, and Administrative & Waste Management Services",266437,12660.869878157628,27143.15898317426,0.0178605592394174,Female,2
9,Two or More Races,2016,2016,True,True,54-56,"Professional, Scientific & Management, and Administrative & Waste Management Services",145746,9368.06141998618,44256.06140134206,0.0097700584637574,Female,2
1,White,2015,2015,True,True,54-56,"Professional, Scientific & Management, and Administrative & Waste Management Services",6343165,60412.2673227489,78130.55176666538,0.4374860551929858,Male,1
2,Black,2015,2015,True,True,54-56,"Professional, Scientific & Management, and Administrative & Waste Management Services",759745,21341.41149821725,42056.11700241528,0.0523993689274352,Male,1
3,American Indian,2015,2015,True,True,54-56,"Professional, Scientific & Management, and Administrative & Waste Management Services",26098,3965.863429876712,43017.78484941375,0.0017999706878863,Male,1
4,Alaska Native,2015,2015,True,True,54-56,"Professional, Scientific & Management, and Administrative & Waste Management Services",1334,896.707077283144,65196.961019490256,9.20055520591e-05,Male,1
6,Asian,2015,2015,True,True,54-56,"Professional, Scientific & Management, and Administrative & Waste Management Services",674477,20114.35756668333,87836.7373164689,0.0465184623210021,Male,1
7,Native Hawaiian and Other Pacific Islander,2015,2015,True,True,54-56,"Professional, Scientific & Management, and Administrative & Waste Management Services",11767,2663.11133329075,48335.55315713436,0.0008115662152026,Male,1
8,Other,2015,2015,True,True,54-56,"Professional, Scientific & Management, and Administrative & Waste Management Services",403643,15575.58662655865,33211.96302921146,0.0278391282232548,Male,1
9,Two or More Races,2015,2015,True,True,54-56,"Professional, Scientific & Management, and Administrative & Waste Management Services",184027,10525.166150225765,56278.39606688149,0.0126922831550179,Male,1
1,White,2015,2015,True,True,54-56,"Professional, Scientific & Management, and Administrative & Waste Management Services",4597828,51769.67634041868,49998.704794307225,0.3171107221987533,Female,2
2,Black,2015,2015,True,True,54-56,"Professional, Scientific & Management, and Administrative & Waste Management Services",668872,20031.010869203503,36465.86168803598,0.0461318872690593,Female,2
3,American Indian,2015,2015,True,True,54-56,"Professional, Scientific & Management, and Administrative & Waste Management Services",20375,3504.223982003697,33262.11798773006,0.0014052572137973,Female,2
4,Alaska Native,2015,2015,True,True,54-56,"Professional, Scientific & Management, and Administrative & Waste Management Services",1262,872.1726669160753,39732.62440570523,8.70397351564e-05,Female,2
6,Asian,2015,2015,True,True,54-56,"Professional, Scientific & Management, and Administrative & Waste Management Services",408843,15675.300214937812,63989.26404512246,0.0281977705551197,Female,2
7,Native Hawaiian and Other Pacific Islander,2015,2015,True,True,54-56,"Professional, Scientific & Management, and Administrative & Waste Management Services",7758,2162.407669145758,32301.867620520752,0.0005350667712706,Female,2
8,Other,2015,2015,True,True,54-56,"Professional, Scientific & Management, and Administrative & Waste Management Services",252606,12328.298134705652,26786.72557263089,0.0174221547852025,Female,2
9,Two or More Races,2015,2015,True,True,54-56,"Professional, Scientific & Management, and Administrative & Waste Management Services",137325,9093.598018662624,41716.77417804478,0.0094712611967963,Female,2
1,White,2014,2014,True,True,54-56,"Professional, Scientific & Management, and Administrative & Waste Management Services",6177115,59630.569001486,77649.62737572475,0.4400467265784913,Male,1
2,Black,2014,2014,True,True,54-56,"Professional, Scientific & Management, and Administrative & Waste Management Services",721012,20792.29303194593,41849.19649603613,0.0513636172264578,Male,1
3,American Indian,2014,2014,True,True,54-56,"Professional, Scientific & Management, and Administrative & Waste Management Services",24416,3835.953979375789,42412.34260321101,0.0017393525741613,Male,1
4,Alaska Native,2014,2014,True,True,54-56,"Professional, Scientific & Management, and Administrative & Waste Management Services",1054,797.0643713816149,66186.2476280835,7.50850922823e-05,Male,1
6,Asian,2014,2014,True,True,54-56,"Professional, Scientific & Management, and Administrative & Waste Management Services",631172,19460.22376434104,86712.40042967685,0.0449635748254645,Male,1
7,Native Hawaiian and Other Pacific Islander,2014,2014,True,True,54-56,"Professional, Scientific & Management, and Administrative & Waste Management Services",11336,2613.886606404944,48362.084597741705,0.0008075565522891,Male,1
8,Other,2014,2014,True,True,54-56,"Professional, Scientific & Management, and Administrative & Waste Management Services",397236,15451.467630011486,32297.84646910149,0.0282983887266359,Male,1
9,Two or More Races,2014,2014,True,True,54-56,"Professional, Scientific & Management, and Administrative & Waste Management Services",171268,10154.10765582334,55614.87430810192,0.0122008288282871,Male,1
1,White,2014,2014,True,True,54-56,"Professional, Scientific & Management, and Administrative & Waste Management Services",4488025,51154.50141832586,49589.26774338378,0.3197189480934762,Female,2
2,Black,2014,2014,True,True,54-56,"Professional, Scientific & Management, and Administrative & Waste Management Services",637620,19558.91165824281,36717.16450864151,0.0454229189194272,Female,2
3,American Indian,2014,2014,True,True,54-56,"Professional, Scientific & Management, and Administrative & Waste Management Services",19625,3439.129608812574,33102.13625477707,0.001398050223948,Female,2
4,Alaska Native,2014,2014,True,True,54-56,"Professional, Scientific & Management, and Administrative & Waste Management Services",1257,870.443144031062,33599.60700079554,8.95464525606e-05,Female,2
6,Asian,2014,2014,True,True,54-56,"Professional, Scientific & Management, and Administrative & Waste Management Services",381613,15145.43676634372,63054.11284730866,0.0271854338910313,Female,2
7,Native Hawaiian and Other Pacific Islander,2014,2014,True,True,54-56,"Professional, Scientific & Management, and Administrative & Waste Management Services",7330,2101.9150019961908,33883.107639836286,0.0005221762110338,Female,2
8,Other,2014,2014,True,True,54-56,"Professional, Scientific & Management, and Administrative & Waste Management Services",238176,11971.446947781926,26777.190959626496,0.0169672361854294,Female,2
9,Two or More Races,2014,2014,True,True,54-56,"Professional, Scientific & Management, and Administrative & Waste Management Services",129152,8819.031974267153,41276.73001579534,0.0092005596190236,Female,2
1,White,2022,2022,True,True,92,Public Administration,2918011,41534.82650660342,85696.51548811844,0.3898691324616135,Male,1
2,Black,2022,2022,True,True,92,Public Administration,521608,17701.13136272706,74253.60753861137,0.0696909156425514,Male,1
3,American Indian,2022,2022,True,True,92,Public Administration,34316,4547.514556270213,64109.52235108987,0.0045848864687462,Male,1
4,Alaska Native,2022,2022,True,True,92,Public Administration,3123,1372.0068912953784,55018.34422030099,0.0004172572689676,Male,1
6,Asian,2022,2022,True,True,92,Public Administration,172109,10179.600420918952,95974.85908348778,0.0229951108884907,Male,1
7,Native Hawaiian and Other Pacific Islander,2022,2022,True,True,92,Public Administration,9287,2365.9154709443405,76577.08958759556,0.0012408159644261,Male,1
8,Other,2022,2022,True,True,92,Public Administration,148792,9465.68505465165,74345.27556589064,0.0198797769978346,Male,1
9,Two or More Races,2022,2022,True,True,92,Public Administration,313924,13741.63600595951,82299.99263197462,0.0419427060209435,Male,1
1,White,2022,2022,True,True,92,Public Administration,2056064,34965.36801933329,66208.11288705021,0.2747062598343717,Female,2
2,Black,2022,2022,True,True,92,Public Administration,697322,20454.730065542448,64967.353561195545,0.0931676827765204,Female,2
3,American Indian,2022,2022,True,True,92,Public Administration,38794,4835.05763480335,54633.45705521473,0.0051831823542528,Female,2
4,Alaska Native,2022,2022,True,True,92,Public Administration,3945,1542.0293184812317,52179.79746514576,0.0005270829094068,Female,2
6,Asian,2022,2022,True,True,92,Public Administration,164547,9953.704217157076,80306.43531635338,0.0219847684395847,Female,2
7,Native Hawaiian and Other Pacific Islander,2022,2022,True,True,92,Public Administration,7547,2132.805049637522,60865.51238902875,0.0010083383313797,Female,2
8,Other,2022,2022,True,True,92,Public Administration,135881,9046.072708147018,55430.53505640965,0.0181547662390637,Female,2
9,Two or More Races,2022,2022,True,True,92,Public Administration,259321,12491.745154571609,64866.187447217926,0.034647317401846,Female,2
1,White,2021,2021,True,True,92,Public Administration,2976182,41934.93258541169,79200.69306312584,0.400710895209603,Male,1
2,Black,2021,2021,True,True,92,Public Administration,525242,17762.20238706297,68179.9183880954,0.0707181859246787,Male,1
3,American Indian,2021,2021,True,True,92,Public Administration,34647,4569.384238716627,59173.053337951336,0.004664845895287,Male,1
4,Alaska Native,2021,2021,True,True,92,Public Administration,3248,1399.1945078191336,49633.24846059113,0.0004373082653012,Male,1
6,Asian,2021,2021,True,True,92,Public Administration,166279,10005.847676522604,89111.62143746355,0.0223876788934808,Male,1
7,Native Hawaiian and Other Pacific Islander,2021,2021,True,True,92,Public Administration,9173,2351.349820984182,71159.26087430502,0.0012350457874409,Male,1
8,Other,2021,2021,True,True,92,Public Administration,132381,8928.87771759484,68593.32302973991,0.0178236777921318,Male,1
9,Two or More Races,2021,2021,True,True,92,Public Administration,247037,12192.695742835593,76786.68982379157,0.0332608749800565,Male,1
1,White,2021,2021,True,True,92,Public Administration,2107152,35388.89460858632,61073.2623574379,0.2837053527851138,Female,2
2,Black,2021,2021,True,True,92,Public Administration,694098,20407.196589092426,60129.51514627617,0.0934528301505738,Female,2
3,American Indian,2021,2021,True,True,92,Public Administration,39571,4883.21989974124,50496.52434863916,0.0053278095339395,Female,2
4,Alaska Native,2021,2021,True,True,92,Public Administration,3878,1528.8788634246312,48832.34863331614,0.0005221309891743,Female,2
6,Asian,2021,2021,True,True,92,Public Administration,154857,9656.440550035137,73639.59193966046,0.0208498294457373,Female,2
7,Native Hawaiian and Other Pacific Islander,2021,2021,True,True,92,Public Administration,7282,2095.0269288146856,57699.98269706125,0.0009804429765774,Female,2
8,Other,2021,2021,True,True,92,Public Administration,120926,8534.152503678248,50851.27759125416,0.0162813852493283,Female,2
9,Two or More Races,2021,2021,True,True,92,Public Administration,205302,11116.690455150348,60798.11601932762,0.0276417061215752,Female,2
1,White,2020,2020,True,True,92,Public Administration,3001634,42105.53724799364,74874.39440584695,0.4132976346771734,Male,1
2,Black,2020,2020,True,True,92,Public Administration,512812,17551.167012215654,64651.15772446823,0.0706095368836009,Male,1
3,American Indian,2020,2020,True,True,92,Public Administration,34922,4587.472421978025,56047.42085218487,0.0048084410018663,Male,1
4,Alaska Native,2020,2020,True,True,92,Public Administration,2917,1325.985352090983,49530.85773054508,0.0004016443045199,Male,1
6,Asian,2020,2020,True,True,92,Public Administration,158092,9756.620879037566,84782.37988639527,0.0217678270106827,Male,1
7,Native Hawaiian and Other Pacific Islander,2020,2020,True,True,92,Public Administration,9088,2340.4301647922366,65430.02464788732,0.0012513347409931,Male,1
8,Other,2020,2020,True,True,92,Public Administration,112952,8248.162735023901,64128.75945534386,0.0155524605704946,Male,1
9,Two or More Races,2020,2020,True,True,92,Public Administration,173294,10214.428902330495,72389.67794037878,0.0238610038078413,Male,1
1,White,2020,2020,True,True,92,Public Administration,2130176,35576.153251669675,57677.45390052277,0.2933058135155993,Female,2
2,Black,2020,2020,True,True,92,Public Administration,674384,20116.127436548235,57026.27625210563,0.0928565281657027,Female,2
3,American Indian,2020,2020,True,True,92,Public Administration,40063,4913.468314051573,47038.204977160975,0.0055163098292701,Female,2
4,Alaska Native,2020,2020,True,True,92,Public Administration,3747,1502.8344782477336,46866.65332265812,0.0005159277370709,Female,2
6,Asian,2020,2020,True,True,92,Public Administration,150427,9517.404996526857,69434.29781222786,0.0207124263956175,Female,2
7,Native Hawaiian and Other Pacific Islander,2020,2020,True,True,92,Public Administration,7263,2092.2915775877077,53353.91325898389,0.0010000488802633,Female,2
8,Other,2020,2020,True,True,92,Public Administration,104323,7927.073107834675,47830.448625902245,0.014364325944611,Female,2
9,Two or More Races,2020,2020,True,True,92,Public Administration,146551,9394.111155841176,58514.22175897811,0.0201787365346922,Female,2
1,White,2019,2019,True,True,92,Public Administration,3038783,42357.650675304256,73275.84876445604,0.4244307138263953,Male,1
2,Black,2019,2019,True,True,92,Public Administration,515489,17596.603311186165,63756.184902102665,0.0719990088925911,Male,1
3,American Indian,2019,2019,True,True,92,Public Administration,35765,4642.495943475236,55262.32677198378,0.0049953433594965,Male,1
4,Alaska Native,2019,2019,True,True,92,Public Administration,3186,1385.7758300141636,43026.82988072818,0.0004449927007788,Male,1
6,Asian,2019,2019,True,True,92,Public Administration,155462,9675.185062629367,82443.08567366945,0.0217135766630519,Male,1
7,Native Hawaiian and Other Pacific Islander,2019,2019,True,True,92,Public Administration,8736,2294.6596965917925,67316.4813415751,0.0012201683094802,Male,1
8,Other,2019,2019,True,True,92,Public Administration,105072,7955.44457250082,61998.85110210141,0.0146755408211665,Male,1
9,Two or More Races,2019,2019,True,True,92,Public Administration,104519,7934.496766565177,70003.0838699184,0.0145983026028581,Male,1
1,White,2019,2019,True,True,92,Public Administration,2149905,35736.78481927372,56517.19295085131,0.3002799850495861,Female,2
2,Black,2019,2019,True,True,92,Public Administration,664664,19971.05764120767,55670.516530156594,0.0928344722129573,Female,2
3,American Indian,2019,2019,True,True,92,Public Administration,40927,4966.149834681176,44739.82114496543,0.0057163265112292,Female,2
4,Alaska Native,2019,2019,True,True,92,Public Administration,3283,1406.7126600521076,42039.39963448066,0.000458540815021,Female,2
6,Asian,2019,2019,True,True,92,Public Administration,145652,9365.258106626505,67391.09101831763,0.0203434013979419,Female,2
7,Native Hawaiian and Other Pacific Islander,2019,2019,True,True,92,Public Administration,6988,2052.300642840188,52993.87306811677,0.0009760229105595,Female,2
8,Other,2019,2019,True,True,92,Public Administration,92797,7476.630131162156,45961.38859014839,0.0129610758487684,Female,2
9,Two or More Races,2019,2019,True,True,92,Public Administration,88440,7299.106070020245,58243.93707598372,0.0123525280781175,Female,2
1,White,2018,2018,True,True,92,Public Administration,3050102,42428.35541799379,71361.24076899723,0.428069711558029,Male,1
2,Black,2018,2018,True,True,92,Public Administration,522743,17719.09232583591,62059.61312537901,0.0733649055765934,Male,1
3,American Indian,2018,2018,True,True,92,Public Administration,34615,4567.2578893451455,54116.312870143,0.0048580778825039,Male,1
4,Alaska Native,2018,2018,True,True,92,Public Administration,2788,1296.3342768880975,46024.69906743185,0.0003912847359936,Male,1
6,Asian,2018,2018,True,True,92,Public Administration,149910,9500.958160741537,79202.3121206057,0.021039273591396,Male,1
7,Native Hawaiian and Other Pacific Islander,2018,2018,True,True,92,Public Administration,8846,2309.059339991403,64824.5354962695,0.0012415009951937,Male,1
8,Other,2018,2018,True,True,92,Public Administration,103973,7913.719334910597,59588.5437469343,0.0145921979395518,Male,1
9,Two or More Races,2018,2018,True,True,92,Public Administration,101736,7828.183698769775,67445.20384131478,0.0142782438669485,Male,1
1,White,2018,2018,True,True,92,Public Administration,2133158,35595.597423543244,54894.25267186022,0.2993802599938304,Female,2
2,Black,2018,2018,True,True,92,Public Administration,654480,19817.51495227711,53989.18520199242,0.0918536707364209,Female,2
3,American Indian,2018,2018,True,True,92,Public Administration,38670,4827.301578527726,43507.766330488754,0.0054271810404861,Female,2
4,Alaska Native,2018,2018,True,True,92,Public Administration,3146,1377.0491690836911,39656.28480610299,0.0004415286152927,Female,2
6,Asian,2018,2018,True,True,92,Public Administration,139489,9165.107624658876,65219.437647413055,0.0195767275964928,Female,2
7,Native Hawaiian and Other Pacific Islander,2018,2018,True,True,92,Public Administration,6826,2028.3727489388768,50959.553179021386,0.0009580020114393,Female,2
8,Other,2018,2018,True,True,92,Public Administration,89532,7343.970961030292,44539.07424161194,0.0125654608977711,Female,2
9,Two or More Races,2018,2018,True,True,92,Public Administration,85232,7165.550066252184,55727.04671954196,0.0119619729620563,Female,2
1,White,2017,2017,True,True,92,Public Administration,3043987,42380.361816643046,69371.39612389935,0.4313262360688045,Male,1
2,Black,2017,2017,True,True,92,Public Administration,511323,17524.728718396484,59726.05320707263,0.0724533399799044,Male,1
3,American Indian,2017,2017,True,True,92,Public Administration,33120,4467.55654250034,52217.47720410628,0.0046930308633377,Male,1
4,Alaska Native,2017,2017,True,True,92,Public Administration,2646,1262.8904967951846,39502.631141345424,0.0003749323570166,Male,1
6,Asian,2017,2017,True,True,92,Public Administration,145652,9365.125635745124,76337.63410732431,0.0206385667665116,Male,1
7,Native Hawaiian and Other Pacific Islander,2017,2017,True,True,92,Public Administration,8484,2261.32152277951,62927.477015558696,0.0012021640653549,Male,1
8,Other,2017,2017,True,True,92,Public Administration,98306,7695.143621795868,57532.9263422375,0.0139297431174902,Male,1
9,Two or More Races,2017,2017,True,True,92,Public Administration,96311,7616.7143518745725,65032.202977853,0.0136470560229142,Male,1
1,White,2017,2017,True,True,92,Public Administration,2129262,35559.856655251686,53216.81506691051,0.3017117234943299,Female,2
2,Black,2017,2017,True,True,92,Public Administration,638491,19574.41643398031,52220.61479488357,0.0904727647633866,Female,2
3,American Indian,2017,2017,True,True,92,Public Administration,37850,4775.850387746988,41637.39540290621,0.0053632614183977,Female,2
4,Alaska Native,2017,2017,True,True,92,Public Administration,3381,1427.5530431625582,40127.25406684413,0.0004790802339657,Female,2
6,Asian,2017,2017,True,True,92,Public Administration,134366,8995.329632059511,63612.43457422264,0.0190393654886242,Female,2
7,Native Hawaiian and Other Pacific Islander,2017,2017,True,True,92,Public Administration,6573,1990.4289490338851,48901.03742583296,0.0009313795852874,Female,2
8,Other,2017,2017,True,True,92,Public Administration,85990,7197.294013109625,43409.60767531108,0.0121845931140824,Female,2
9,Two or More Races,2017,2017,True,True,92,Public Administration,81531,7008.311080901514,52917.84171664766,0.0115527626605914,Female,2
1,White,2016,2016,True,True,92,Public Administration,3046221,42387.593683550935,67302.88795199036,0.434134304796323,Male,1
2,Black,2016,2016,True,True,92,Public Administration,504319,17404.1809576194,58253.24063340862,0.0718733730942623,Male,1
3,American Indian,2016,2016,True,True,92,Public Administration,33335,4482.021378746643,51326.74009299535,0.0047507607131542,Male,1
4,Alaska Native,2016,2016,True,True,92,Public Administration,2410,1205.2567947608077,40772.76556016597,0.0003434628264197,Male,1
6,Asian,2016,2016,True,True,92,Public Administration,142089,9249.904378109391,74198.9861987909,0.0202499126735075,Male,1
7,Native Hawaiian and Other Pacific Islander,2016,2016,True,True,92,Public Administration,8287,2234.913581118871,63842.51960902619,0.0011810275695188,Male,1
8,Other,2016,2016,True,True,92,Public Administration,92161,7450.872651370656,56376.67561115873,0.013134389023099,Male,1
9,Two or More Races,2016,2016,True,True,92,Public Administration,91692,7431.90232203984,63020.95549230031,0.013067549161858,Male,1
1,White,2016,2016,True,True,92,Public Administration,2126341,35531.18284000245,51590.81736278424,0.3030369667187371,Female,2
2,Black,2016,2016,True,True,92,Public Administration,631992,19474.233549985904,50806.20504531703,0.0900687794998582,Female,2
3,American Indian,2016,2016,True,True,92,Public Administration,37657,4763.650949506752,40893.7365695621,0.0053667135495799,Female,2
4,Alaska Native,2016,2016,True,True,92,Public Administration,3384,1428.185937598214,38475.15277777778,0.0004822731139437,Female,2
6,Asian,2016,2016,True,True,92,Public Administration,130390,8861.292929677942,62299.13368356469,0.0185826215505679,Female,2
7,Native Hawaiian and Other Pacific Islander,2016,2016,True,True,92,Public Administration,6113,1919.51978630404,44622.56044495338,0.0008711984472629,Female,2
8,Other,2016,2016,True,True,92,Public Administration,83092,7075.009983185343,42639.65125403168,0.0118419141796133,Female,2
9,Two or More Races,2016,2016,True,True,92,Public Administration,77288,6823.581455696505,50330.094348411134,0.0110147530822938,Female,2
1,White,2015,2015,True,True,92,Public Administration,3070867,42547.39889520486,66357.53487142231,0.4358310043536734,Male,1
2,Black,2015,2015,True,True,92,Public Administration,504048,17399.024028791195,57456.184863346345,0.0715367178332569,Male,1
3,American Indian,2015,2015,True,True,92,Public Administration,33642,4502.599325483261,49112.66247547708,0.0047746211895423,Male,1
4,Alaska Native,2015,2015,True,True,92,Public Administration,2585,1248.248375556909,34780.12224371373,0.0003668746143204,Male,1
6,Asian,2015,2015,True,True,92,Public Administration,141012,9214.74329767184,72998.42380790287,0.0200130456922817,Male,1
7,Native Hawaiian and Other Pacific Islander,2015,2015,True,True,92,Public Administration,8413,2251.8378277852366,62989.97361226673,0.0011940101084245,Male,1
8,Other,2015,2015,True,True,92,Public Administration,90874,7398.66079963673,55434.64566322601,0.0128972393430375,Male,1
9,Two or More Races,2015,2015,True,True,92,Public Administration,90731,7392.841004609714,61275.33772360053,0.012876944151607,Male,1
1,White,2015,2015,True,True,92,Public Administration,2137242,35616.39033866726,50792.61748599363,0.3033268218411457,Female,2
2,Black,2015,2015,True,True,92,Public Administration,633530,19497.1084846272,49884.36598740392,0.0899133750136957,Female,2
3,American Indian,2015,2015,True,True,92,Public Administration,38636,4825.148721110406,40569.71446319495,0.0054833917210379,Female,2
4,Alaska Native,2015,2015,True,True,92,Public Administration,3359,1422.900504091038,35693.80053587377,0.0004767241119931,Female,2
6,Asian,2015,2015,True,True,92,Public Administration,125490,8693.285508305324,61822.98286716073,0.0178100949133721,Female,2
7,Native Hawaiian and Other Pacific Islander,2015,2015,True,True,92,Public Administration,6049,1909.4449290183088,48907.26136551496,0.0008585007899512,Female,2
8,Other,2015,2015,True,True,92,Public Administration,82205,7037.135452591748,42485.07834073353,0.0116668965842199,Female,2
9,Two or More Races,2015,2015,True,True,92,Public Administration,77321,6825.007446940261,49146.036148006366,0.0109737377384401,Female,2
1,White,2014,2014,True,True,92,Public Administration,3110357,42805.81945225667,66344.40592767969,0.4373031307310362,Male,1
2,Black,2014,2014,True,True,92,Public Administration,502616,17373.86073692815,57216.24556520286,0.0706656986177183,Male,1
3,American Indian,2014,2014,True,True,92,Public Administration,33980,4525.146920683745,49611.02451442025,0.0047774452843325,Male,1
4,Alaska Native,2014,2014,True,True,92,Public Administration,2302,1177.941646265141,38960.74326672459,0.0003236515316225,Male,1
6,Asian,2014,2014,True,True,92,Public Administration,136868,9078.395347820026,72537.12890522255,0.0192430659557393,Male,1
7,Native Hawaiian and Other Pacific Islander,2014,2014,True,True,92,Public Administration,8209,2224.3693374973086,61541.799975636495,0.0011541509222803,Male,1
8,Other,2014,2014,True,True,92,Public Administration,90884,7399.027691925903,56157.609205140616,0.0127779086880893,Male,1
9,Two or More Races,2014,2014,True,True,92,Public Administration,89053,7324.164870655132,60471.39964964684,0.0125204777782714,Male,1
1,White,2014,2014,True,True,92,Public Administration,2167803,35861.456180413385,50658.9970094146,0.304783997048613,Female,2
2,Black,2014,2014,True,True,92,Public Administration,640269,19599.308411158585,49840.61245507748,0.0900191322764653,Female,2
3,American Indian,2014,2014,True,True,92,Public Administration,38686,4828.257947961209,40992.0832083958,0.0054390891191785,Female,2
4,Alaska Native,2014,2014,True,True,92,Public Administration,3316,1413.7635283733262,37671.80186972256,0.0004662156728324,Female,2
6,Asian,2014,2014,True,True,92,Public Administration,122995,8606.445575145,61170.89704459531,0.0172925804222035,Female,2
7,Native Hawaiian and Other Pacific Islander,2014,2014,True,True,92,Public Administration,6363,1958.37408723908,50188.12556969983,0.0008946110754622,Female,2
8,Other,2014,2014,True,True,92,Public Administration,82539,7051.373959340369,43077.59477337986,0.0116046367370076,Female,2
9,Two or More Races,2014,2014,True,True,92,Public Administration,76348,6781.921803866046,48435.70372504847,0.0107342081391471,Female,2
